courseId,course_name,course_details,author,level,category,course_img,author_img,discussions,feedbacks
1,Be guy.,"About realize wind thank. Word against hospital stand above remain.
Unit step try available cover. Person same once action better reveal. Point site good on senior majority how.",Debra Fuentes,Intermediate,data engineering,https://picsum.photos/464/604,https://picsum.photos/846/502,[],[]
2,Republican full house visit.,Care exactly wrong Mrs apply audience serve. Hot write thing require argue. Tree serious pay enter box rich home should.,Jessica Duke,Advanced,data science,https://picsum.photos/1006/415,https://placekitten.com/977/445,[],[]
3,Since page party.,"Without whom official mention certainly hundred attention.
Professional glass ago indicate without after sign. Turn Mr none break factor. Time sea wide affect ahead.",Karen Hoover,Advanced,data science,https://picsum.photos/80/861,https://dummyimage.com/1014x92,[],[]
4,Usually eye front.,"Author do energy control. Over collection manager feeling.
Course budget own hard. Detail analysis modern agreement.
Policy husband garden there fast south. Whether bad race save water.",Denise Wheeler,Intermediate,data science,https://picsum.photos/811/415,https://placekitten.com/469/523,[],[]
5,Power policy describe.,"Resource computer point develop worker. Himself risk determine either rock. Wife main lay form ahead hundred machine.
Loss fund main discussion. Research large choice item clear site experience.",Aaron Haley,Beginner,gen AI,https://placekitten.com/1016/850,https://dummyimage.com/750x932,[],[]
6,Brother toward.,"East forget section. Fly board church today product.
Improve let model stock tax trade. To able analysis memory happen current cut issue. Performance focus many wall western affect physical.",Larry Galvan,Advanced,fullstack,https://placekitten.com/998/444,https://dummyimage.com/163x868,[],[]
7,Majority language politics tell.,Risk capital true edge field city market natural. Girl nation future want treat whose. Instead table body green director. Most on write represent major.,Renee Cortez,Intermediate,fullstack,https://picsum.photos/936/625,https://picsum.photos/245/104,[],[]
8,Itself ready really human.,"Mother nice sister then rock. Very onto thought around whatever. Subject safe would student.
Nation entire happen buy check customer third blue. Key officer early evening.",Dustin Hart,Advanced,data engineering,https://dummyimage.com/641x188,https://placekitten.com/329/528,[],[]
9,Its movie.,"Network foot they. Without mention be and trip. Deep type past still about.
Debate choose anything dinner term training.
Couple coach hotel call other.
Official past action suffer either soldier.",Martha Brock,Beginner,data engineering,https://placekitten.com/795/630,https://picsum.photos/882/791,[],[]
10,Born get person weight.,Determine concern mission clearly product site treat. General five realize what with to mind along. Cold various four music. Among suffer officer question apply international sound.,Nicole Allison,Beginner,fullstack,https://picsum.photos/218/797,https://picsum.photos/782/651,[],[]
11,Show but though actually.,Fall believe pull notice before stay quickly. Theory language experience firm property summer. When special operation no.,Jeffrey Macias,Intermediate,data engineering,https://placekitten.com/841/191,https://picsum.photos/773/859,[],[]
12,Hotel several move.,"Investment the receive list policy source gun. Base participant bag case majority. Throw win so simple experience share make.
Eight lot before special. Science good particularly ball.",Andrew Baker,Advanced,data science,https://placekitten.com/700/792,https://placekitten.com/384/511,[],[]
13,Since pass vote.,"Writer listen she address create.
Plant six despite in fish stay will. Professor hope piece someone century. Sing two brother garden base.",Deanna Moreno,Beginner,data science,https://placekitten.com/374/95,https://placekitten.com/828/355,[],[]
14,Include team range.,"Entire science military federal ball. Information fight leave.
Road choice phone factor public. Clear produce eight trouble. Task enough simply attention human return.",Justin Williams,Beginner,data science,https://picsum.photos/109/703,https://picsum.photos/891/424,[],[]
15,Anything sound rest dream single.,Republican environment work view us cover. Adult bed foot environment. Deep short building interesting.,Gary Wilson,Beginner,data engineering,https://placekitten.com/617/658,https://placekitten.com/202/220,[],[]
16,Into west remember.,Police me bed cultural car. Really discover yourself final. Trial good finish participant.,Brian Brown,Intermediate,gen AI,https://placekitten.com/257/77,https://picsum.photos/915/228,[],[]
17,Several show page save.,Force matter team never company common. Chair day history everyone dinner factor.,Scott Davis,Beginner,data science,https://dummyimage.com/571x756,https://placekitten.com/247/310,[],[]
18,Few Mrs.,Factor later garden if evening. Organization necessary why side.,Donald Tucker,Advanced,data science,https://placekitten.com/951/423,https://dummyimage.com/466x870,[],[]
19,Control lot parent.,Different economy themselves feel value which. Difficult network teacher board ask. Little decade throw present relate pick.,Thomas Green,Intermediate,gen AI,https://picsum.photos/375/862,https://dummyimage.com/742x351,[],[]
20,Nearly doctor successful.,"Old want raise usually. Perhaps blood type right when enough director.
Attorney traditional if career several. Small nice region their after exactly threat.",Mary Palmer,Beginner,data engineering,https://picsum.photos/129/764,https://placekitten.com/375/563,[],[]
21,Concern short laugh another.,Send artist enough gas behavior respond try. Without interesting speech field tree. Magazine ever really media.,Lonnie Santana,Intermediate,data engineering,https://placekitten.com/263/946,https://picsum.photos/151/201,[],[]
22,Capital station just try.,"Born itself result fly today. Bad war arrive collection challenge Republican.
Herself wonder entire hospital discuss western.",Todd Fisher,Advanced,fullstack,https://dummyimage.com/108x134,https://placekitten.com/339/339,[],[]
23,Already Mrs think.,Walk artist poor stock from. Traditional street Mrs approach strong. Increase song ability top impact. Good break career one such range deep let.,Laura Craig,Advanced,data science,https://picsum.photos/904/979,https://picsum.photos/714/497,[],[]
24,Born system.,Former four among attack case name heart popular. Series notice central. Trade should decision.,Dylan Erickson,Beginner,data science,https://placekitten.com/272/676,https://picsum.photos/168/989,[],[]
25,Way travel way leave.,"Growth exactly where we. Big table risk result generation rich.
Seem image their health charge analysis. Government Congress begin.",Roger Thomas,Beginner,fullstack,https://placekitten.com/273/515,https://picsum.photos/447/334,[],[]
26,East tonight.,Nothing figure forward. Perform war trial. Move cause provide hold side interesting administration.,Andrew Wilson,Advanced,data science,https://dummyimage.com/863x578,https://dummyimage.com/296x456,[],[]
27,Imagine system ok determine full.,Themselves factor forward talk term miss agency enough. Through bit more ready indeed look real.,Megan Green,Beginner,gen AI,https://placekitten.com/943/880,https://placekitten.com/507/968,[],[]
28,Magazine fight teach many visit.,"Scientist interest piece area perhaps occur. Particularly grow school off.
Consider rock option perform capital American. Student grow green I western.",Anthony Nelson,Intermediate,data engineering,https://dummyimage.com/840x420,https://picsum.photos/920/611,[],[]
29,Agency I ready occur.,"Member support drive bad. Shoulder what base family some police you. Real unit base someone author.
Explain coach image claim. Though painting the audience very majority.",Laura Warren,Beginner,fullstack,https://placekitten.com/105/462,https://placekitten.com/428/1013,[],[]
30,Bed Congress play cold.,"Hold machine sing executive. Large strong different send class boy.
Almost lay sport establish could four. Make instead indicate last media operation work.",Anthony Ellis,Intermediate,data science,https://picsum.photos/337/647,https://picsum.photos/81/706,[],[]
31,Not might fire center.,"Everyone top level pretty. Spend although fly assume major increase tree.
Series media training ahead task traditional. Use article public buy key part. Provide character clearly.",Sergio Wilson,Advanced,fullstack,https://placekitten.com/659/347,https://placekitten.com/676/791,[],[]
32,Image wear.,"All seat just record occur foreign its. Middle protect allow government fall goal. The analysis bag government human bed necessary move. Give clear we wonder.
Here interview show share.",Mitchell Grant,Beginner,data science,https://picsum.photos/745/434,https://dummyimage.com/962x795,[],[]
33,While half.,"Statement six necessary social three right ask. Hair another effort fight sing. Speech outside eye quite discussion.
Low deal determine toward. Blue pay here foreign whether song have.",Mrs. Alicia Perry,Intermediate,gen AI,https://picsum.photos/63/565,https://placekitten.com/77/740,[],[]
34,Bar prevent trial standard.,Thing chance throughout generation war. Level environmental model kitchen true father.,Emily Fletcher,Advanced,data science,https://dummyimage.com/394x263,https://placekitten.com/636/750,[],[]
35,Seek same good away.,"Direction stuff generation itself heart.
Nothing instead market positive nearly word. Popular account politics realize pick. Without only between no where middle owner.
Free federal they I.",Paul Sandoval,Advanced,gen AI,https://dummyimage.com/669x942,https://placekitten.com/882/177,[],[]
36,Those particularly probably design win.,Court foot air her indicate more ball they. Least building president government spend early. Mention listen finally Congress day civil whole. Manager training clearly case really spend officer drug.,Daniel Clark,Advanced,data engineering,https://dummyimage.com/980x521,https://placekitten.com/999/868,[],[]
37,Treatment us last.,"Race character trade finish for right. Visit parent leader.
Step toward catch through involve. However policy you issue Mrs wish suggest stock.",Beth Morgan,Beginner,fullstack,https://picsum.photos/519/448,https://dummyimage.com/649x597,[],[]
38,Fire somebody ask.,Mr better natural media manage animal open. Teach foot send party simply ahead author effort. Turn move understand plan speak level thank. Cell bad dog least fire parent.,Shaun West,Beginner,fullstack,https://picsum.photos/130/1017,https://placekitten.com/887/447,[],[]
39,Maybe similar.,"Up often charge series cup. Coach structure none same.
Billion trial place laugh. Concern mind building much standard. Growth figure coach thus often stock again.",Corey Gonzalez,Beginner,fullstack,https://dummyimage.com/206x478,https://dummyimage.com/915x573,[],[]
40,Stock development card recognize world.,Man beat ready onto small argue worker entire. Walk everyone partner beyond four bank power. Control present food brother certain ready officer.,Christopher Brady,Intermediate,fullstack,https://placekitten.com/266/913,https://dummyimage.com/627x978,[],[]
41,Scientist military break.,"Bar need particularly gun send. Within film pretty cut. Road now son own perhaps personal story.
Parent avoid force.",Troy Smith,Intermediate,data science,https://dummyimage.com/41x986,https://placekitten.com/713/829,[],[]
42,Let chance sister.,"Operation control difference affect authority exactly. People computer source boy trouble.
However hope behavior wrong. Around most lose glass.",Cheryl Chapman,Advanced,fullstack,https://picsum.photos/167/949,https://dummyimage.com/928x772,[],[]
43,Strategy pressure you agreement stock.,Game do leg position less image. Set total among themselves back onto task notice. Avoid significant above do exist.,Bailey Webb,Intermediate,data engineering,https://placekitten.com/843/426,https://dummyimage.com/187x340,[],[]
44,Woman exactly realize avoid store.,"Understand suggest mother like available large. Next economic also.
Time likely right such those explain.",Gregory Howard,Beginner,data engineering,https://placekitten.com/1000/856,https://dummyimage.com/378x612,[],[]
45,Blood point interest capital.,Official figure at do five class current TV. President lawyer low stand my. Source letter finish attention wrong cell.,Mason Brown,Beginner,fullstack,https://picsum.photos/160/538,https://placekitten.com/200/24,[],[]
46,Huge dog create.,"He position major someone big over simple. Laugh hundred expect. Under speak make remember.
Shoulder whatever decade commercial often material unit.",Steven Hart,Intermediate,gen AI,https://picsum.photos/36/889,https://dummyimage.com/833x471,[],[]
47,Meet something.,"Eye notice system home. Trade force organization record least management. Left this answer goal.
Indeed down born agency American.",Wendy Watson,Beginner,data science,https://dummyimage.com/477x357,https://placekitten.com/937/307,[],[]
48,Year end main campaign no.,Book region here relate talk reduce run. Stand somebody dinner thing inside. Certainly throw catch unit organization leader. Store toward decade apply price.,Joyce Wilson,Beginner,data science,https://placekitten.com/545/78,https://placekitten.com/772/852,[],[]
49,Level crime.,Tend teacher she add range according study. Laugh budget share peace debate ten himself. Class wear tell bar little state word. Yourself pressure season more.,Kimberly Gomez,Beginner,data engineering,https://picsum.photos/98/496,https://placekitten.com/693/431,[],[]
50,But teach since.,Responsibility a way together fly. Structure join people party hundred according chance.,Christine Fry,Intermediate,data engineering,https://dummyimage.com/432x466,https://picsum.photos/40/645,[],[]
51,Enjoy teach month wonder smile.,Strong hundred without board. A TV minute bad some. Point catch place commercial order however grow.,Heather Hill,Intermediate,data science,https://placekitten.com/959/865,https://picsum.photos/490/577,[],[]
52,Child side material month.,"Ago enjoy same and. Season art business with.
Charge without both then also personal. Feel figure science market cold. American can threat manager bill throughout crime.",Christine Nelson,Intermediate,fullstack,https://picsum.photos/137/695,https://placekitten.com/978/621,[],[]
53,Respond nothing.,"Address make between wear every stock grow third. Congress trial shoulder. Mean capital blue left simple task.
Think over feel father agency. Evening mother day particularly tax pass fall bar.",Brian Rosales,Intermediate,fullstack,https://dummyimage.com/743x949,https://picsum.photos/692/419,[],[]
54,Protect phone successful money.,"National cover detail six single quickly my. Ask sea executive physical kid model figure.
Speech music staff everything professional everything forward.",Teresa Sims,Intermediate,gen AI,https://picsum.photos/500/606,https://dummyimage.com/145x956,[],[]
55,Make bed foot wall.,"Available involve test. Green listen deep blood series. Study true picture.
Because culture painting piece. Human music tax small data.
Doctor really service would behavior.",Jonathon Foster,Advanced,gen AI,https://placekitten.com/301/745,https://dummyimage.com/334x504,[],[]
56,Such stuff song my.,Himself usually whom clearly attorney bring. Remain outside window white article need. Live catch industry check career than. Much however affect measure national.,Sara Orozco,Intermediate,gen AI,https://placekitten.com/408/605,https://picsum.photos/380/804,[],[]
57,Agent knowledge remain.,"There national itself instead. Bag feel page present thus likely.
Keep arrive always ahead management. Must it there friend still read.
Price understand though. Day language wish hope.",Mr. Joshua Osborne,Advanced,gen AI,https://placekitten.com/479/746,https://placekitten.com/185/142,[],[]
58,Contain who personal investment.,"Education why somebody scientist middle change bring. Never really your likely.
Month onto say more tough sort. Few me focus war health leave million for. Third lawyer some southern rather.",John Hansen,Advanced,fullstack,https://dummyimage.com/986x494,https://placekitten.com/813/134,[],[]
59,Father nice.,"Impact shoulder some within customer investment model. Republican but decision argue.
Book middle always perhaps. Specific month population kind. Yourself street subject watch daughter quite.",Kristen Schroeder,Intermediate,gen AI,https://placekitten.com/342/646,https://picsum.photos/951/423,[],[]
60,Add only various ground.,"We important meet ok move compare. Where training run skill improve. Government list large base.
Owner support success onto just company mean. Mission appear another off instead program suffer.",Jeffrey Hudson,Intermediate,data science,https://picsum.photos/316/8,https://dummyimage.com/428x478,[],[]
61,Federal two debate commercial a.,"Serve entire mean management. Less someone town wide paper leg song.
Enter what plant lead. Size but ready suffer total station. Character cell especially window girl off interesting.",Sheri Nichols,Beginner,gen AI,https://picsum.photos/492/983,https://placekitten.com/345/498,[],[]
62,Grow building discover.,"Everybody series near bank might check. List decade recognize practice somebody benefit mention.
Allow alone citizen next project. Reflect process soon teacher thus.",Daniel Johnson,Advanced,gen AI,https://picsum.photos/870/137,https://picsum.photos/116/659,[],[]
63,With save policy.,"Oil who you these any also. Miss hope night Mr.
Computer me between key coach young. Family body identify investment level hear then.
Building good PM discussion study. Sell sound late.",Randy Estrada,Beginner,data engineering,https://dummyimage.com/442x229,https://dummyimage.com/988x984,[],[]
64,Tv able sense.,Strong message same behind heavy which night talk. Offer believe rule performance. Require nice bill. Answer agency community great up.,Paul Phillips,Advanced,data engineering,https://placekitten.com/34/784,https://dummyimage.com/519x93,[],[]
65,At throughout travel try.,Recent single adult easy wall mean. Sign Mrs condition book. Million short friend analysis.,Margaret Spence,Advanced,data science,https://picsum.photos/966/973,https://picsum.photos/895/761,[],[]
66,Plant candidate room show.,Send their treatment save just begin. Part direction police force social throughout.,Thomas Chavez,Intermediate,gen AI,https://dummyimage.com/468x924,https://picsum.photos/376/786,[],[]
67,Go whole move something none.,"Yet despite five mean can firm top. Itself poor possible finish many heart.
Provide actually leader human hear record local. Respond successful bag husband.",Lisa Nunez,Advanced,fullstack,https://picsum.photos/859/228,https://picsum.photos/25/958,[],[]
68,Management speak experience.,"Easy rest response without hot commercial. Page sure back himself.
Someone production try food.
Use trouble south trip.",Michelle Conley,Intermediate,fullstack,https://placekitten.com/566/993,https://dummyimage.com/302x719,[],[]
69,Sign truth approach.,"Thing identify opportunity at. Life learn media test newspaper help.
Product able career or note. Down would democratic behavior.",Pamela Kelley,Advanced,data engineering,https://picsum.photos/1019/255,https://picsum.photos/548/904,[],[]
70,Well type.,"It yard win seem commercial few mention appear. New assume anyone image. Take watch always early.
Buy term himself black tend face. Century ten home outside me out sing.",Evan Bennett,Advanced,data science,https://dummyimage.com/66x519,https://placekitten.com/597/736,[],[]
71,Money baby class.,"Occur must music why person boy do necessary. Past conference push hundred certainly detail she.
Music city water including include street order.",Teresa Ramsey,Advanced,data engineering,https://picsum.photos/394/21,https://dummyimage.com/961x844,[],[]
72,Message while sometimes.,Set remember authority wind watch hope. None government project.,Mr. Jason Murray DDS,Beginner,fullstack,https://picsum.photos/840/191,https://picsum.photos/712/359,[],[]
73,Design pass majority debate.,"Yard risk hand good daughter. Example toward use.
Bar per laugh bit range trial. Rule quickly relationship number away.",Jessica Thompson,Beginner,gen AI,https://placekitten.com/486/760,https://picsum.photos/467/282,[],[]
74,About trade describe.,"Same item generation. Just explain most usually head audience.
Lead fall past little again. Information allow force under affect fear respond.",Mr. Joseph Payne Jr.,Advanced,gen AI,https://dummyimage.com/10x320,https://dummyimage.com/1012x467,[],[]
75,President policy old board election.,Current both activity begin sister simple pass. Service task citizen material ask them money. Water southern enough fast task difference.,Katherine Cook,Beginner,gen AI,https://dummyimage.com/643x705,https://picsum.photos/167/154,[],[]
76,Body rate improve begin.,"Set election subject they however so tonight.
Production build could right into.
Drug until send energy half weight.",Jeremy Mcintyre,Intermediate,data engineering,https://placekitten.com/975/449,https://placekitten.com/84/845,[],[]
77,National crime group hand.,"Heavy finally around I. Important responsibility talk yeah building usually.
Pass left ten step him such. Tend soon lot sister wind important understand tend.",Patricia Hill,Intermediate,fullstack,https://placekitten.com/816/60,https://picsum.photos/985/40,[],[]
78,Better participant picture.,"Test another upon movie available six ahead.
Want mission alone commercial another prepare. Dream beat continue enough operation head. You society strong.",Dr. Jennifer Marshall,Beginner,data engineering,https://picsum.photos/728/956,https://picsum.photos/705/353,[],[]
79,Effort minute care wish treat.,"Customer measure generation. Maintain move student father picture more.
Debate sometimes loss occur financial. Per stuff any young factor.",Jose Obrien,Advanced,gen AI,https://dummyimage.com/993x895,https://placekitten.com/826/198,[],[]
80,I newspaper wish.,Yourself professional early college my special. Federal serious part finish someone well western wonder. Class head them suddenly network coach.,Charles Miller,Beginner,gen AI,https://picsum.photos/704/480,https://placekitten.com/472/202,[],[]
81,Several current recognize into avoid.,"He land civil tax low. Worry exist recognize song rock language quality.
Physical play lot benefit note process player. Agree himself consider pull best.",William Perez,Advanced,gen AI,https://dummyimage.com/345x59,https://placekitten.com/22/765,[],[]
82,Expect important score.,"Degree entire tend accept floor option painting customer. Sea cell yet.
Father drug us. Receive yeah fact ready space arm nearly.",Dana Gonzalez,Advanced,fullstack,https://picsum.photos/911/401,https://dummyimage.com/692x188,[],[]
83,Agent guy social school.,"Fall customer board focus. Painting professional present.
Big easy few head. Develop a enter four sort first participant.",Michael Wood,Beginner,gen AI,https://placekitten.com/155/53,https://dummyimage.com/293x88,[],[]
84,Capital put account.,"Contain performance manage company participant from generation. Lay rate town one. Move natural one opportunity history.
Environment training short. Occur thus seat operation forward edge pull.",Daniel Jones,Beginner,data science,https://picsum.photos/928/509,https://dummyimage.com/780x282,[],[]
85,Piece poor rather organization.,"Against result toward black need produce add. Painting hand decision debate someone life.
Care cover win. Campaign news work force free whether the.",Jason Mcintyre,Advanced,data science,https://picsum.photos/118/241,https://placekitten.com/248/713,[],[]
86,Much power discussion large animal.,"See training maintain approach join staff usually. Ahead whom education million student.
Share newspaper skin big four. Change season next back.",Tanya Hebert,Advanced,data engineering,https://picsum.photos/557/63,https://picsum.photos/218/377,[],[]
87,Land air weight increase.,Quality movie claim white she letter. Happen challenge reach mention only represent.,Elizabeth Holland,Intermediate,gen AI,https://placekitten.com/501/43,https://dummyimage.com/571x261,[],[]
88,Suddenly establish enter population class.,"Score like head interest what consumer. Instead section board alone change.
Color say need attack who. Defense later computer production. College memory owner ten special.",Jason Sosa,Intermediate,gen AI,https://picsum.photos/580/404,https://dummyimage.com/836x977,[],[]
89,Outside current left change.,Drug least to method may let somebody. Senior this all region write. Might conference live individual west. Charge follow south issue card team civil.,Angela Perry,Intermediate,fullstack,https://placekitten.com/524/44,https://picsum.photos/431/303,[],[]
90,Plan among meet often.,"Young when free election skin week. Reduce box sound.
Visit total ready hour ahead thank help program.
Blue third expert decade need rich which. Democratic option federal social talk phone enough.",Joshua Baldwin,Beginner,fullstack,https://dummyimage.com/955x695,https://dummyimage.com/35x564,[],[]
91,Board during year.,"Without go sense be determine office will.
General yes simply behind moment wrong. Probably human quite. Film ok that play.
Modern two record. Cause deal economic truth industry.",Jeffery Rivera,Beginner,fullstack,https://picsum.photos/409/967,https://dummyimage.com/846x565,[],[]
92,Seat accept budget.,Where television simple above avoid everyone everybody. Box once go travel moment choice. Drop conference describe catch product son. My sense among probably according.,Andres James,Intermediate,data engineering,https://dummyimage.com/701x338,https://picsum.photos/425/107,[],[]
93,Tend at guy.,"Present which indicate white activity dinner hit throw. Resource central safe so.
Professor sign hard. Cup act stage property friend street.",Jeremiah Jensen,Advanced,fullstack,https://placekitten.com/973/361,https://picsum.photos/482/263,[],[]
94,Health one lead.,Clear accept approach hope star listen. Skin owner magazine service expert Mr fact.,Zachary Arroyo,Intermediate,data science,https://dummyimage.com/317x163,https://picsum.photos/729/178,[],[]
95,East somebody cause major.,Sound health respond little and world black. Herself article series because crime man rich. Better condition road learn little Republican interview hotel.,Cindy Carson,Advanced,data science,https://dummyimage.com/295x325,https://picsum.photos/765/728,[],[]
96,Professional probably for go.,"Every during rock would. Unit of significant way man education situation.
Outside could blue government. Check easy baby level if position car foreign.",Kevin Foster,Advanced,data science,https://dummyimage.com/863x246,https://picsum.photos/658/684,[],[]
97,Suffer key music option cover.,"Personal evidence challenge accept mother executive prevent. Just trial throughout history oil.
State thousand read say.
But pick dog magazine. Soon everyone wish.",Jason Oconnell,Beginner,data engineering,https://placekitten.com/960/148,https://picsum.photos/113/23,[],[]
98,Material me space campaign.,Ask strong popular box product response. Work buy on past however dog serve feeling. Senior machine rule boy. Relationship fine nor show style.,Matthew Stephens,Advanced,data engineering,https://picsum.photos/1011/273,https://placekitten.com/853/394,[],[]
99,Democrat friend director weight.,"Evening its place current south. Enjoy yes late. Until let raise machine.
Go simple people leave family ready measure. From century house price represent top brother field.",Michelle Ray,Beginner,fullstack,https://dummyimage.com/301x142,https://dummyimage.com/883x857,[],[]
100,Others capital.,Administration various national. Player green hit management story over appear. Least send training cut then sit. Sing morning bed think big research enter.,Richard Phillips,Beginner,data engineering,https://placekitten.com/323/910,https://picsum.photos/765/1024,[],[]
