userId,name,email,password,role,department
1,Chase Becker,yyoung@example.org,_YYw8rhAL1,admin,testing
2,Kevin Mejia,pachecorobert@example.net,%P0GIcg)4N,user,devops
3,Joseph Ross,gonzalezaudrey@example.org,TqgY4AywS*,user,devops
4,Julie Salas,trevinokimberly@example.org,v%!H9+Sm&),admin,full-stack
5,Angelica Riley,ewatkins@example.com,%C8_0dmDA_,user,full-stack
6,Shannon Roberts,rodriguezdiamond@example.com,(kdt9CwYR%,user,consultancy
7,Noah Evans,melissa02@example.net,&9d5Vn36Xs,user,consultancy
8,Briana Collins,cfields@example.org,i6hxjM!w_K,admin,data engineering
9,Larry Case,toddramirez@example.com,X+Euk5MkWT,admin,data engineering
10,Kelly Hansen,sandra06@example.org,M0YJihGn^q,admin,testing
11,Steven Burnett,reneecaldwell@example.org,PL43M7kj_O,admin,data engineering
12,Terri Stewart,herrerajoel@example.com,7!9K)p9h5U,user,consultancy
13,Charles Johnson,kburgess@example.net,!9B(I$vwWb,admin,data engineering
14,Kimberly Blake,kellis@example.net,v+Q8rSy5y$,admin,consultancy
15,Jeffery Duncan,twilson@example.com,!i%44Db^@%,admin,data science
16,Ronald Ray,jasminelawson@example.com,@3OBEzey_d,user,testing
17,David Diaz,robinsonheather@example.net,dcB*0Xmm%X,admin,full-stack
18,Michele Baker,karen67@example.com,Z06JomH3_E,user,devops
19,David Murphy,lisa28@example.org,m2zpE4Dw@Q,user,devops
20,Megan Craig,gweiss@example.net,_8+YTVp8u1,admin,data engineering
21,Dave Ferguson,simpsoncynthia@example.net,X*41tO48zm,user,data engineering
22,Robert Stevens,qcook@example.com,j03Dbgp0_B,user,consultancy
23,Gabriella Miller,stephen38@example.com,Ls6Xb%Ehv*,admin,data engineering
24,Renee Armstrong,amber86@example.net,+2xMB#kl^8,user,devops
25,Donald Holmes,chase12@example.net,@L$#BHm25S,admin,consultancy
26,Scott Beard,kathleengonzalez@example.org,&8A5dU_nhS,user,testing
27,Timothy Harris,kevinmorales@example.net,*15O576drB,user,full-stack
28,Barbara Miller,nhodges@example.com,4cDHvRrR%d,user,full-stack
29,Philip Rodriguez,kmendoza@example.net,_^C8SOoUQX,admin,full-stack
30,Debra Ross,piercejeffrey@example.net,@(3oaqIm%V,user,data science
31,Barbara Pruitt,omarshall@example.com,L^a9L!5cuB,admin,data engineering
32,Hector Lopez,lgonzalez@example.com,M)6iU4vaJw,admin,full-stack
33,Richard Nicholson,mercadoshane@example.com,#4Wfhcid1x,admin,data engineering
34,Christopher Howell,reneejones@example.net,q(WY@7bxqD,admin,consultancy
35,Amanda Williams,elizabeth48@example.com,XSw7Xt@rL),admin,data science
36,Brenda Jones,markbrewer@example.com,D#0bNKG+ck,admin,full-stack
37,Cynthia Warren,michaeldominguez@example.org,sD3Dk3DbD@,admin,full-stack
38,Tyler Parsons,psanchez@example.org,)EdVNlUbP1,user,full-stack
39,Joanna Small,vjohnson@example.net,MaL00W4eV),user,testing
40,Dominique Medina,nelsonchristopher@example.com,_L%$5PnZLk,admin,full-stack
41,Mr. Robert Stewart,meredithjones@example.org,y!n6H2Bjjz,user,full-stack
42,Tracy Jimenez,rodriguezjennifer@example.com,_jCewH&M9u,admin,consultancy
43,Mr. Steven James,whitesteve@example.com,v_6u0rJVme,admin,data science
44,Gabrielle Hobbs,kimberlyhess@example.org,9H2L)hLe*V,admin,testing
45,Mark Patterson,fedwards@example.com,X&iv8zXmTN,admin,data science
46,Michael Davis,harriskatherine@example.com,k@V921Qp^l,user,consultancy
47,Kimberly Rogers,leonard99@example.com,$8Aw$Qvd$g,admin,data engineering
48,Kristin Pace DDS,thompsondavid@example.net,%e_8Xs0XEP,admin,data engineering
49,Caroline Jones,ylamb@example.com,)2A_gTQR5x,admin,testing
50,Frank Combs,jill52@example.com,0jOXIWwJ*f,user,data engineering
51,Amy Curtis,ojarvis@example.net,Ddi9JHTx!4,admin,data engineering
52,Destiny Smith,devin18@example.org,mm2SjeUa_&,user,full-stack
53,Rachel Klein,tyler29@example.com,Z4M3@Rsq)k,user,testing
54,Edwin Pierce,hughesjustin@example.net,4%6SQN6kPN,user,data science
55,Debra Wolfe,kevin38@example.com,#zc7(L3vO1,admin,devops
56,Brian Bryant,terri62@example.com,sk*Z3jIins,admin,data engineering
57,Jasmine Wyatt,qvega@example.com,eIu0ATnes(,user,testing
58,Tammy Proctor,bfitzgerald@example.com,+9EVL!ZfPj,admin,full-stack
59,Denise Perkins,sjones@example.com,Z)Ugkdtz#9,admin,devops
60,Keith Barnes,april31@example.com,So0BYw5(^a,user,data science
61,Michael Lee,andersonmatthew@example.org,xh8HS$7hR^,admin,data engineering
62,Mr. Terry Perkins,colemanjose@example.org,cfKuG#Bl!1,admin,data science
63,Jeff Barber,xcoleman@example.net,F8@$Hcoh!y,admin,data science
64,Stephen Arnold,melissaevans@example.org,^aSdFA&t33,user,testing
65,Michael Cervantes,jacksondonald@example.net,#gFBQhr_v9,admin,full-stack
66,Amanda Harris,dixondouglas@example.org,^Ol8UBn(+#,user,consultancy
67,Joshua Mitchell,aprilleonard@example.net,+p%a^UlH7(,user,data engineering
68,Rebecca Hunt,qsmith@example.org,*Cx2KTv7J9,user,data engineering
69,Steve Jones,amber05@example.org,3!k$0W+h4#,user,testing
70,Kevin Kelly,shawnacraig@example.com,f4hSTc)x#w,user,devops
71,Megan Hendricks,gerald07@example.net,W#u3i%Vg5b,admin,devops
72,Frank Luna,spencerdaniel@example.net,(+5zojJaQ8,user,data science
73,Andrew Serrano,christopher53@example.net,wc8EROmg^T,user,data science
74,Jessica Mcguire,alexanderdenise@example.org,C16Pvh@No#,user,devops
75,Mr. Peter Gardner,williamfletcher@example.com,BB4ShTa1r+,user,data science
76,Allison Collins,noahcruz@example.net,1FCTSUo*#N,user,testing
77,Carlos Anderson,bmiller@example.net,htI83zN8b@,admin,testing
78,Brittany Weeks,ginaatkins@example.org,z0ehuZT)+w,admin,testing
79,John Sims,bethany90@example.com,!4JPAOwa_d,user,consultancy
80,Jason Arnold,cparks@example.com,i8%&ELib(7,user,full-stack
81,Terry Reed,fterry@example.org,^1qLmctq(t,user,devops
82,Anna Torres,dennisrichard@example.org,y*s2%Wlw_N,user,consultancy
83,Ralph Fletcher,brittanyparks@example.com,$(U1O7vnd5,admin,devops
84,Justin Mitchell,woodardstephen@example.com,O*o6M25mq^,user,testing
85,Juan Russell,michaelcook@example.com,)oODT0Zy)M,admin,full-stack
86,Steven Roach,beckyroman@example.org,%i7HYF(ltr,admin,consultancy
87,Jasmine Francis,mitchelljuan@example.net,U14(1ULq@x,admin,testing
88,Jennifer Underwood,elizabeth04@example.com,c7$+FNq0^4,user,full-stack
89,Tina Deleon,jacob32@example.net,_kQZ@2ZhZD,user,data science
90,Juan Hardy,greenrebecca@example.com,1+D)W7Bl8(,admin,data engineering
91,Kurt Gregory,rachel71@example.org,+96V19(j*!,user,testing
92,Thomas Alexander,tyler43@example.org,@LIyvWxmG5,user,data engineering
93,Bryan Montgomery,pallen@example.net,@MVlaZlya5,user,full-stack
94,Rhonda Jones,briansoto@example.net,QHg%6E4ni9,admin,testing
95,Joseph Quinn,fostersusan@example.org,++1M_lrS(Q,user,data science
96,Whitney Silva,mitchellemily@example.net,tn(L6Hy(a),admin,consultancy
97,Mr. Matthew Cook MD,monicahughes@example.com,_cVlnDg8x4,admin,data science
98,Phillip Gregory,smithchelsea@example.net,^0aOfyt!Qt,admin,full-stack
99,Melinda Jackson,amyshort@example.org,+NOexZVb2%,admin,consultancy
100,Kimberly Gallagher,kevinperez@example.net,#@80ZiOj^L,admin,consultancy
101,Tina Perkins,andrewrodgers@example.org,E5O%7Po8$*,admin,data science
102,Erica Jacobs,joshua04@example.com,!dVhzhffo6,admin,data science
103,Ricardo Silva,istrickland@example.org,#rav1GodAY,user,full-stack
104,Rebecca Taylor,anna38@example.org,bG$7XDkPSo,admin,consultancy
105,Juan Stokes,alyssagaines@example.net,3j$4DJle@c,admin,data science
106,Tammy Gibson,victormartin@example.org,_1PWYS&rge,user,data science
107,Maria Gomez,kvelazquez@example.com,m7Ujcgo)$&,admin,devops
108,Sean Arnold,jessica57@example.net,2(1mtTmN%$,admin,data science
109,Danny Henderson,stuartwanda@example.org,)mMbv_YB04,user,testing
110,Jamie Hunter,maxwellrobert@example.org,)d7DXp4tGD,user,full-stack
111,Anthony Nguyen,smithmichelle@example.org,L)11S@v8Hi,admin,consultancy
112,Megan Wang,bbrady@example.com,01Skqe(N_d,user,consultancy
113,Christian Thompson,carolreese@example.net,!853gXbeSN,admin,data engineering
114,Kenneth Green,tmack@example.org,pf4EQlA)E#,user,full-stack
115,Ashley Green,bward@example.org,%7TPriHR_h,admin,data engineering
116,Miss Shelby Brown,smithalexis@example.com,KJ!#4ZAx4*,user,data engineering
117,Samantha Wallace,tuckersydney@example.com,_@Hqc7Qy$x,admin,devops
118,Pamela Carrillo,eringarcia@example.net,)ON32GslT%,admin,consultancy
119,Joshua Bond,csmith@example.org,E63NTif4X#,admin,devops
120,Alyssa Rodriguez,qhayes@example.net,k!9PA25yhx,admin,testing
121,Jordan Blair,simmonsbrandy@example.org,+76(0)%dtD,admin,testing
122,Aaron Gilbert,james99@example.com,(Qjl6SHcji,user,testing
123,Rachel Schaefer,walkerangela@example.com,&GccPwCij1,user,consultancy
124,Kristen Bailey,christopher74@example.org,Oh4lO7WNC),user,testing
125,Scott Ellis,trevor18@example.org,X(7FrEpg&k,user,data engineering
126,Christina Perez,johnsmith@example.net,w%K1Iz5sV(,admin,devops
127,David Mitchell,vdavis@example.com,HZP6TEt6$4,user,consultancy
128,Alexis Wells,jhaynes@example.com,%e1V)AxT4$,admin,consultancy
129,Luis Villegas,samanthahoover@example.com,OT5lMwZb_f,user,data science
130,Ryan Hunt,kyleramirez@example.org,)*B#QGQg94,user,consultancy
131,Nathan Evans,hernandezrichard@example.net,hg5$Apif)9,admin,testing
132,Teresa Frazier,josecampbell@example.org,Twcj!C^Y&8,user,consultancy
133,David Lewis,wdavis@example.com,O*#7Oq1*0%,user,devops
134,William Jenkins,elizabeth16@example.com,)7Us^x^p2t,user,full-stack
135,Shelby Mcgrath,gonzalezlacey@example.org,^WVuk*UGw6,user,consultancy
136,Maria Bradley,danielcarrie@example.net,K&m2HdpVz),user,testing
137,Samantha Bailey,ewells@example.net,TJt_9QmwTt,admin,consultancy
138,Elizabeth Adkins,kristinjohnson@example.com,@8B4VoUd$%,admin,full-stack
139,Debra Ellis,michael69@example.net,^fTdB5T*A*,admin,full-stack
140,Tanner Baker,codyreynolds@example.net,M83cH!Ss!8,admin,data engineering
141,Robert Graham,uhall@example.com,4%hV(cSq@%,admin,data science
142,Kimberly Davis,amanda79@example.com,@)aT8xf6S4,user,consultancy
143,Tyler Ross,campbellseth@example.org,ghy)11V$(^,user,devops
144,Anthony Copeland,nguyenjasmin@example.net,sqpBe)no^7,user,devops
145,Chase Taylor,jodiphillips@example.org,_L7wJMtc06,admin,data engineering
146,Jacob Johnson,matthew62@example.org,4V@4)cLzpK,user,full-stack
147,Alison Phelps,samantha54@example.org,Y6(hMbVW^C,user,data engineering
148,Scott Williams,wanda90@example.com,asGQ5Q$b&),admin,data science
149,Raymond Larson,kevin92@example.org,0r@RtgNu&U,user,devops
150,Alexander Cunningham,jennatorres@example.com,x0HW9W9l1%,user,consultancy
151,Cameron Quinn,james35@example.com,s@18J6Km2r,admin,devops
152,Michael Cross,weavergregory@example.org,72s8WL2Z!d,admin,data engineering
153,Dr. Kevin Wells,jasmine19@example.net,ya(F0CH7u@,user,consultancy
154,Anthony Dunn,jennifermoore@example.org,+2^9FFaX4o,user,full-stack
155,Ryan Williams,amanda40@example.org,eOI%&%dV&9,user,testing
156,Jonathon Cisneros,erica39@example.org,P5_)#9Slmm,user,data science
157,Stephanie Williams,fergusonjessica@example.com,)vPujNV0Q9,admin,testing
158,Heidi Mckay,hprince@example.net,_92wLyXrtB,admin,full-stack
159,Mr. John Martinez,kramirez@example.com,h+8dXA+pu^,admin,consultancy
160,Paula Barker,norma87@example.com,@VUYj6%uE6,admin,data science
161,Kathryn Jones,johnbutler@example.org,c5QOphkE&n,user,testing
162,Bobby Dorsey,barrettcarol@example.net,4h0BurBK&2,user,devops
163,Stephanie Clarke,dennishudson@example.net,ou$6Ycs_oR,admin,data engineering
164,Raymond Crawford,gonzalezeddie@example.com,j8SAOKb^(q,user,full-stack
165,Nicole Kerr,emilybrown@example.org,DsA6YPkn$0,admin,consultancy
166,Kenneth Weber,marklopez@example.org,IcjPUCjx^0,user,devops
167,Christina Sanchez,suttonwayne@example.net,f69VAwv!$Z,admin,full-stack
168,Justin Oliver,whitemarc@example.com,h3CGFPOf^+,admin,data science
169,Kyle Lee,lcollins@example.net,5D$s5Byp^i,user,full-stack
170,Kristine Bradshaw,clarkdaniel@example.net,1rj_9Py!19,admin,testing
171,Zachary Sellers,clarkchristina@example.net,*OiU7FctRz,admin,data engineering
172,Cameron Wilson,patelmatthew@example.com,0u1C42*xH&,user,consultancy
173,Walter Turner Jr.,youngjennifer@example.net,x57LijtaB_,user,full-stack
174,Jennifer Dunn,emilybenitez@example.net,e3@JcwON_l,user,consultancy
175,Desiree Berger,randymccann@example.org,Z#&9DpWpc+,user,full-stack
176,Casey Rocha,sarahmartinez@example.org,!1BH%4Juq*,user,consultancy
177,Brian Castaneda,susan76@example.org,9ndZ+#n6&e,user,testing
178,Dr. Denise Moreno,avilaamy@example.org,DG8C(zew^&,user,full-stack
179,William Chang,janefreeman@example.net,@@ak8URv2F,admin,devops
180,Alexander Cannon,ballselena@example.net,ygOq7Quy$6,admin,data science
181,Steven Reese,charlesnguyen@example.com,d*vPfbWJ+7,user,consultancy
182,Jared Rojas,kenneth16@example.net,JXSjYWv!*5,admin,data engineering
183,Kathleen Murphy,stephenmcintyre@example.com,i$(T0Obmsz,admin,data engineering
184,Andrea Thompson,uday@example.net,#3J6t0@qYM,admin,full-stack
185,Jonathan Harrison,jasonwhite@example.com,!WE4$Vhnxr,admin,consultancy
186,Rachel Ford,nathan96@example.com,J+0#Pj)^+5,admin,data science
187,Paul Frye,rachel98@example.org,KS8rBvcJB*,user,devops
188,Christian Warren,ellenjefferson@example.org,Zm1F4BTz5@,admin,consultancy
189,Tabitha Rodgers,bcooper@example.com,_uAxyDN)5e,admin,consultancy
190,Robert Maxwell,fsims@example.org,a&_6SZjeIR,admin,data engineering
191,Courtney Gilbert,phillip87@example.net,_UB%6LBdaw,admin,testing
192,Jennifer Wilkinson,paulapena@example.com,$r2DrKzyw(,user,consultancy
193,Chelsea Shields,mpace@example.com,_v8BiEbck9,admin,data science
194,Kim Pace,ericaferguson@example.com,(O5EhJjJ1D,user,data science
195,Bethany Nguyen,christopher48@example.net,+s2GUny!1s,admin,data engineering
196,Suzanne Gould,olivia66@example.org,4)@ts7EQ&c,admin,devops
197,Emily Michael,michael45@example.com,_KizG2M84f,admin,consultancy
198,Christopher Foster,nicole31@example.org,2_8ZwJmL_C,user,data engineering
199,Dana Andersen,alexandra90@example.net,)2ecq7mfR6,admin,consultancy
200,Chad Cain,johnhall@example.org,(2w)VEd##n,admin,data engineering
